{
  "generated_at": "2025-08-28T17:14:03.983189",
  "source_urls": [
    "https://www.pilio.idv.tw/lto539/list.asp",
    "https://www.lotto-8.com/listlto539bbk.asp"
  ],
  "num_draws": 10,
  "top_trio": {
    "numbers": [
      5,
      21,
      29
    ],
    "count": 3,
    "top5": [
      [
        [
          5,
          21,
          29
        ],
        3
      ],
      [
        [
          2,
          5,
          24
        ],
        2
      ],
      [
        [
          6,
          12,
          15
        ],
        2
      ],
      [
        [
          3,
          5,
          28
        ],
        2
      ],
      [
        [
          7,
          21,
          38
        ],
        2
      ]
    ]
  },
  "next_draw_top_pair_given_trio": {
    "trio": [
      5,
      21,
      29
    ],
    "pair": [
      3,
      32
    ],
    "count": 2,
    "top5": [
      [
        [
          3,
          32
        ],
        2
      ],
      [
        [
          2,
          39
        ],
        1
      ],
      [
        [
          6,
          15
        ],
        1
      ],
      [
        [
          7,
          38
        ],
        1
      ],
      [
        [
          4,
          27
        ],
        1
      ]
    ]
  },
  "monthly_first_draw_second_number": {
    "counts": {
      "5": 3,
      "7": 2,
      "12": 1,
      "15": 1,
      "21": 1,
      "23": 1,
      "29": 1
    },
    "top2": [
      5,
      7
    ]
  }
}