{
  "draws": [
    {
      "date": "2025-08-18",
      "numbers": [
        9,
        12,
        18,
        27,
        29
      ]
    },
    {
      "date": "2025-08-19",
      "numbers": [
        6,
        7,
        18,
        31,
        35
      ]
    },
    {
      "date": "2025-08-20",
      "numbers": [
        15,
        18,
        29,
        31,
        39
      ]
    },
    {
      "date": "2025-08-21",
      "numbers": [
        16,
        27,
        28,
        29,
        33
      ]
    },
    {
      "date": "2025-08-22",
      "numbers": [
        6,
        7,
        21,
        37,
        38
      ]
    },
    {
      "date": "2025-08-23",
      "numbers": [
        4,
        5,
        8,
        27,
        39
      ]
    },
    {
      "date": "2025-08-25",
      "numbers": [
        6,
        12,
        15,
        23,
        26
      ]
    },
    {
      "date": "2025-08-26",
      "numbers": [
        2,
        5,
        24,
        38,
        39
      ]
    },
    {
      "date": "2025-08-27",
      "numbers": [
        3,
        5,
        28,
        30,
        32
      ]
    },
    {
      "date": "2025-08-28",
      "numbers": [
        5,
        7,
        21,
        23,
        29
      ]
    }
  ]
}